<?xml version="1.0" encoding="UTF-8"?><module codename="org.netbeans.modules.xml.catalog/2">
    <module_version install_time="1416338990279" last="true" origin="installer" specification_version="1.37.1.4">
        <file crc="4257896318" name="config/Modules/org-netbeans-modules-xml-catalog.xml"/>
        <file crc="173574465" name="modules/locale/org-netbeans-modules-xml-catalog_ja.jar"/>
        <file crc="327306633" name="modules/locale/org-netbeans-modules-xml-catalog_pt_BR.jar"/>
        <file crc="2046767181" name="modules/locale/org-netbeans-modules-xml-catalog_ru.jar"/>
        <file crc="3045275165" name="modules/locale/org-netbeans-modules-xml-catalog_zh_CN.jar"/>
        <file crc="2234528957" name="modules/org-netbeans-modules-xml-catalog.jar"/>
    </module_version>
</module>
