<?xml version="1.0" encoding="UTF-8"?><module codename="org.netbeans.modules.db.metadata.model/1">
    <module_version install_time="1416337994062" last="true" origin="installer" specification_version="1.7.1">
        <file crc="3021893472" name="config/Modules/org-netbeans-modules-db-metadata-model.xml"/>
        <file crc="456744167" name="modules/locale/org-netbeans-modules-db-metadata-model_ja.jar"/>
        <file crc="1642399296" name="modules/locale/org-netbeans-modules-db-metadata-model_pt_BR.jar"/>
        <file crc="4073524271" name="modules/locale/org-netbeans-modules-db-metadata-model_ru.jar"/>
        <file crc="1539557782" name="modules/locale/org-netbeans-modules-db-metadata-model_zh_CN.jar"/>
        <file crc="4043136747" name="modules/org-netbeans-modules-db-metadata-model.jar"/>
    </module_version>
</module>
