<?xml version="1.0" encoding="UTF-8"?><module codename="org.netbeans.modules.parsing.ui">
    <module_version install_time="1416339799039" last="true" origin="installer" specification_version="1.10.1">
        <file crc="1714928911" name="config/Modules/org-netbeans-modules-parsing-ui.xml"/>
        <file crc="1361362670" name="modules/locale/org-netbeans-modules-parsing-ui_ja.jar"/>
        <file crc="899412329" name="modules/locale/org-netbeans-modules-parsing-ui_pt_BR.jar"/>
        <file crc="195642780" name="modules/locale/org-netbeans-modules-parsing-ui_ru.jar"/>
        <file crc="3850318980" name="modules/locale/org-netbeans-modules-parsing-ui_zh_CN.jar"/>
        <file crc="1676523038" name="modules/org-netbeans-modules-parsing-ui.jar"/>
    </module_version>
</module>
