<?xml version="1.0" encoding="UTF-8"?><module codename="org.netbeans.spi.palette/1">
    <module_version install_time="1416339005338" last="true" origin="installer" specification_version="1.42.1">
        <file crc="168146510" name="config/ModuleAutoDeps/org-netbeans-spi-palette.xml"/>
        <file crc="643103640" name="config/Modules/org-netbeans-spi-palette.xml"/>
        <file crc="3026685060" name="modules/locale/org-netbeans-spi-palette_ja.jar"/>
        <file crc="4217547635" name="modules/locale/org-netbeans-spi-palette_pt_BR.jar"/>
        <file crc="494129424" name="modules/locale/org-netbeans-spi-palette_ru.jar"/>
        <file crc="3203004614" name="modules/locale/org-netbeans-spi-palette_zh_CN.jar"/>
        <file crc="2333164366" name="modules/org-netbeans-spi-palette.jar"/>
    </module_version>
</module>
