<?xml version="1.0" encoding="UTF-8"?><module codename="org.netbeans.modules.schema2beans/1">
    <module_version install_time="1416338024330" last="true" origin="installer" specification_version="1.43.1">
        <file crc="3280133545" name="config/Modules/org-netbeans-modules-schema2beans.xml"/>
        <file crc="1571529658" name="modules/locale/org-netbeans-modules-schema2beans_ja.jar"/>
        <file crc="2523525571" name="modules/locale/org-netbeans-modules-schema2beans_pt_BR.jar"/>
        <file crc="1026226211" name="modules/locale/org-netbeans-modules-schema2beans_ru.jar"/>
        <file crc="398967759" name="modules/locale/org-netbeans-modules-schema2beans_zh_CN.jar"/>
        <file crc="795425046" name="modules/org-netbeans-modules-schema2beans.jar"/>
    </module_version>
</module>
