<?xml version="1.0" encoding="UTF-8"?><module codename="org.netbeans.modules.image/1">
    <module_version install_time="1416338983793" last="true" origin="installer" specification_version="1.44.1">
        <file crc="3486416273" name="config/Modules/org-netbeans-modules-image.xml"/>
        <file crc="2442257745" name="modules/locale/org-netbeans-modules-image_ja.jar"/>
        <file crc="2841319270" name="modules/locale/org-netbeans-modules-image_pt_BR.jar"/>
        <file crc="2165049646" name="modules/locale/org-netbeans-modules-image_ru.jar"/>
        <file crc="3459200047" name="modules/locale/org-netbeans-modules-image_zh_CN.jar"/>
        <file crc="996431084" name="modules/org-netbeans-modules-image.jar"/>
    </module_version>
</module>
