<?xml version="1.0" encoding="UTF-8"?><module codename="org.netbeans.modules.tasklist.todo/1">
    <module_version install_time="1416339858592" last="true" origin="installer" specification_version="1.27.1.1">
        <file crc="496296242" name="config/Modules/org-netbeans-modules-tasklist-todo.xml"/>
        <file crc="1661119276" name="modules/locale/org-netbeans-modules-tasklist-todo_ja.jar"/>
        <file crc="787043230" name="modules/locale/org-netbeans-modules-tasklist-todo_pt_BR.jar"/>
        <file crc="3091664647" name="modules/locale/org-netbeans-modules-tasklist-todo_ru.jar"/>
        <file crc="841590535" name="modules/locale/org-netbeans-modules-tasklist-todo_zh_CN.jar"/>
        <file crc="4032283603" name="modules/org-netbeans-modules-tasklist-todo.jar"/>
    </module_version>
</module>
