<?xml version="1.0" encoding="UTF-8"?><module codename="org.netbeans.libs.jvyamlb/1">
    <module_version install_time="1416337033371" last="true" origin="installer" specification_version="0.26.1">
        <file crc="1075784249" name="config/Modules/org-netbeans-libs-jvyamlb.xml"/>
        <file crc="1242614678" name="modules/ext/jvyamlb-0.2.3.jar"/>
        <file crc="127757765" name="modules/locale/org-netbeans-libs-jvyamlb_ja.jar"/>
        <file crc="1535197239" name="modules/locale/org-netbeans-libs-jvyamlb_pt_BR.jar"/>
        <file crc="1066391319" name="modules/locale/org-netbeans-libs-jvyamlb_ru.jar"/>
        <file crc="3958690937" name="modules/locale/org-netbeans-libs-jvyamlb_zh_CN.jar"/>
        <file crc="3306936496" name="modules/org-netbeans-libs-jvyamlb.jar"/>
    </module_version>
</module>
