<?xml version="1.0" encoding="UTF-8"?><module codename="org.netbeans.modules.javascript2.requirejs">
    <module_version install_time="1416341465942" last="true" origin="installer" specification_version="0.1.1">
        <file crc="2562950255" name="config/Modules/org-netbeans-modules-javascript2-requirejs.xml"/>
        <file crc="352470743" name="modules/locale/org-netbeans-modules-javascript2-requirejs_ja.jar"/>
        <file crc="1561199236" name="modules/locale/org-netbeans-modules-javascript2-requirejs_pt_BR.jar"/>
        <file crc="1661737447" name="modules/locale/org-netbeans-modules-javascript2-requirejs_ru.jar"/>
        <file crc="2104338741" name="modules/locale/org-netbeans-modules-javascript2-requirejs_zh_CN.jar"/>
        <file crc="291945849" name="modules/org-netbeans-modules-javascript2-requirejs.jar"/>
    </module_version>
</module>
