<?xml version="1.0" encoding="UTF-8"?><module codename="org.netbeans.modules.css.lib/1">
    <module_version install_time="1416341320318" last="true" origin="installer" specification_version="1.72.1">
        <file crc="2846313870" name="config/Modules/org-netbeans-modules-css-lib.xml"/>
        <file crc="2717989069" name="modules/locale/org-netbeans-modules-css-lib_ja.jar"/>
        <file crc="3115877732" name="modules/locale/org-netbeans-modules-css-lib_pt_BR.jar"/>
        <file crc="2112460922" name="modules/locale/org-netbeans-modules-css-lib_ru.jar"/>
        <file crc="884702718" name="modules/locale/org-netbeans-modules-css-lib_zh_CN.jar"/>
        <file crc="413762338" name="modules/org-netbeans-modules-css-lib.jar"/>
    </module_version>
</module>
