<?xml version="1.0" encoding="UTF-8"?><module codename="org.netbeans.core.browser.webview/1">
    <module_version install_time="1416341494822" last="true" origin="installer" specification_version="1.11.1.1.1">
        <file crc="3521071986" name="config/Modules/org-netbeans-core-browser-webview.xml"/>
        <file crc="3496319594" name="modules/locale/org-netbeans-core-browser-webview_ja.jar"/>
        <file crc="429551083" name="modules/locale/org-netbeans-core-browser-webview_pt_BR.jar"/>
        <file crc="3057825087" name="modules/locale/org-netbeans-core-browser-webview_ru.jar"/>
        <file crc="32026457" name="modules/locale/org-netbeans-core-browser-webview_zh_CN.jar"/>
        <file crc="1819587546" name="modules/org-netbeans-core-browser-webview.jar"/>
    </module_version>
</module>
