<?xml version="1.0" encoding="UTF-8"?><module codename="org.netbeans.modules.spellchecker.bindings.properties">
    <module_version install_time="1416340335100" last="true" origin="installer" specification_version="1.18.1">
        <file crc="1082921001" name="config/Modules/org-netbeans-modules-spellchecker-bindings-properties.xml"/>
        <file crc="1187802253" name="modules/locale/org-netbeans-modules-spellchecker-bindings-properties_ja.jar"/>
        <file crc="948618008" name="modules/locale/org-netbeans-modules-spellchecker-bindings-properties_pt_BR.jar"/>
        <file crc="1623055782" name="modules/locale/org-netbeans-modules-spellchecker-bindings-properties_ru.jar"/>
        <file crc="3400654314" name="modules/locale/org-netbeans-modules-spellchecker-bindings-properties_zh_CN.jar"/>
        <file crc="1061111669" name="modules/org-netbeans-modules-spellchecker-bindings-properties.jar"/>
    </module_version>
</module>
