<?xml version="1.0" encoding="UTF-8"?><module codename="org.netbeans.spi.editor.hints.projects">
    <module_version install_time="1416340014794" last="true" origin="installer" specification_version="1.7.1.1.7">
        <file crc="3692722369" name="config/Modules/org-netbeans-spi-editor-hints-projects.xml"/>
        <file crc="3114067644" name="modules/locale/org-netbeans-spi-editor-hints-projects_ja.jar"/>
        <file crc="2566511962" name="modules/locale/org-netbeans-spi-editor-hints-projects_pt_BR.jar"/>
        <file crc="121422339" name="modules/locale/org-netbeans-spi-editor-hints-projects_ru.jar"/>
        <file crc="4290504602" name="modules/locale/org-netbeans-spi-editor-hints-projects_zh_CN.jar"/>
        <file crc="648697143" name="modules/org-netbeans-spi-editor-hints-projects.jar"/>
    </module_version>
</module>
