<?xml version="1.0" encoding="UTF-8"?><module codename="org.netbeans.modules.html.lexer/1">
    <module_version install_time="1416338408420" last="true" origin="installer" specification_version="1.35.1">
        <file crc="509460702" name="config/Modules/org-netbeans-modules-html-lexer.xml"/>
        <file crc="1430711329" name="modules/locale/org-netbeans-modules-html-lexer_ja.jar"/>
        <file crc="393758920" name="modules/locale/org-netbeans-modules-html-lexer_pt_BR.jar"/>
        <file crc="3326413077" name="modules/locale/org-netbeans-modules-html-lexer_ru.jar"/>
        <file crc="796420692" name="modules/locale/org-netbeans-modules-html-lexer_zh_CN.jar"/>
        <file crc="2317537926" name="modules/org-netbeans-modules-html-lexer.jar"/>
    </module_version>
</module>
