<?xml version="1.0" encoding="UTF-8"?><module codename="org.netbeans.modules.editor.macros/0">
    <module_version install_time="1416339724974" last="true" origin="installer" specification_version="1.27.1.1.22">
        <file crc="3196086936" name="config/Modules/org-netbeans-modules-editor-macros.xml"/>
        <file crc="2323147989" name="modules/locale/org-netbeans-modules-editor-macros_ja.jar"/>
        <file crc="2005768416" name="modules/locale/org-netbeans-modules-editor-macros_pt_BR.jar"/>
        <file crc="2475020179" name="modules/locale/org-netbeans-modules-editor-macros_ru.jar"/>
        <file crc="1610571524" name="modules/locale/org-netbeans-modules-editor-macros_zh_CN.jar"/>
        <file crc="2518398894" name="modules/org-netbeans-modules-editor-macros.jar"/>
    </module_version>
</module>
