<?xml version="1.0" encoding="UTF-8"?><module codename="org.netbeans.modules.editor.guards/1">
    <module_version install_time="1416338686011" last="true" origin="installer" specification_version="1.26.1">
        <file crc="591587818" name="config/Modules/org-netbeans-modules-editor-guards.xml"/>
        <file crc="887593952" name="modules/locale/org-netbeans-modules-editor-guards_ja.jar"/>
        <file crc="3671883099" name="modules/locale/org-netbeans-modules-editor-guards_pt_BR.jar"/>
        <file crc="605335216" name="modules/locale/org-netbeans-modules-editor-guards_ru.jar"/>
        <file crc="521696157" name="modules/locale/org-netbeans-modules-editor-guards_zh_CN.jar"/>
        <file crc="683791682" name="modules/org-netbeans-modules-editor-guards.jar"/>
    </module_version>
</module>
