<?xml version="1.0" encoding="UTF-8"?><module codename="org.netbeans.modules.spellchecker.dictionary_en">
    <module_version install_time="1416337720129" last="true" origin="installer" specification_version="1.19.1">
        <file crc="3063149510" name="config/Modules/org-netbeans-modules-spellchecker-dictionary_en.xml"/>
        <file crc="1095946908" name="modules/dict/dictionary_en.description"/>
        <file crc="1395082238" name="modules/dict/dictionary_en_GB.description"/>
        <file crc="1095946908" name="modules/dict/dictionary_en_US.description"/>
        <file crc="1358256909" name="modules/dict/ispell-enwl-3.1.20.zip"/>
        <file crc="392715000" name="modules/locale/org-netbeans-modules-spellchecker-dictionary_en_ja.jar"/>
        <file crc="3673108985" name="modules/locale/org-netbeans-modules-spellchecker-dictionary_en_pt_BR.jar"/>
        <file crc="3654564519" name="modules/locale/org-netbeans-modules-spellchecker-dictionary_en_ru.jar"/>
        <file crc="2259722318" name="modules/locale/org-netbeans-modules-spellchecker-dictionary_en_zh_CN.jar"/>
        <file crc="3532973706" name="modules/org-netbeans-modules-spellchecker-dictionary_en.jar"/>
    </module_version>
</module>
