<?xml version="1.0" encoding="UTF-8"?><module codename="org.netbeans.modules.parsing.api/1">
    <module_version install_time="1416339791844" last="true" origin="installer" specification_version="1.78.3.8">
        <file crc="3233347998" name="config/Modules/org-netbeans-modules-parsing-api.xml"/>
        <file crc="3940531836" name="modules/locale/org-netbeans-modules-parsing-api_ja.jar"/>
        <file crc="78059245" name="modules/locale/org-netbeans-modules-parsing-api_pt_BR.jar"/>
        <file crc="841164887" name="modules/locale/org-netbeans-modules-parsing-api_ru.jar"/>
        <file crc="82760810" name="modules/locale/org-netbeans-modules-parsing-api_zh_CN.jar"/>
        <file crc="4135068249" name="modules/org-netbeans-modules-parsing-api.jar"/>
    </module_version>
</module>
