<?xml version="1.0" encoding="UTF-8"?><module codename="org.netbeans.modules.db.core">
    <module_version install_time="1416340134651" last="true" origin="installer" specification_version="1.32.1">
        <file crc="3235026915" name="config/Modules/org-netbeans-modules-db-core.xml"/>
        <file crc="3271888106" name="modules/locale/org-netbeans-modules-db-core_ja.jar"/>
        <file crc="1788531140" name="modules/locale/org-netbeans-modules-db-core_pt_BR.jar"/>
        <file crc="918002706" name="modules/locale/org-netbeans-modules-db-core_ru.jar"/>
        <file crc="938356441" name="modules/locale/org-netbeans-modules-db-core_zh_CN.jar"/>
        <file crc="3474381843" name="modules/org-netbeans-modules-db-core.jar"/>
    </module_version>
</module>
