<?xml version="1.0" encoding="UTF-8"?><module codename="org.netbeans.modules.parsing.lucene/2">
    <module_version install_time="1416338275295" last="true" origin="installer" specification_version="2.28.1.1">
        <file crc="3780388565" name="config/Modules/org-netbeans-modules-parsing-lucene.xml"/>
        <file crc="2468622606" name="modules/locale/org-netbeans-modules-parsing-lucene_ja.jar"/>
        <file crc="3873337530" name="modules/locale/org-netbeans-modules-parsing-lucene_pt_BR.jar"/>
        <file crc="3139752934" name="modules/locale/org-netbeans-modules-parsing-lucene_ru.jar"/>
        <file crc="121101698" name="modules/locale/org-netbeans-modules-parsing-lucene_zh_CN.jar"/>
        <file crc="1965286944" name="modules/org-netbeans-modules-parsing-lucene.jar"/>
    </module_version>
</module>
