<?xml version="1.0" encoding="UTF-8"?><module codename="org.netbeans.modules.editor.util/1">
    <module_version install_time="1416337521292" last="true" origin="installer" specification_version="1.58.1">
        <file crc="1365010955" name="config/Modules/org-netbeans-modules-editor-util.xml"/>
        <file crc="215941331" name="modules/locale/org-netbeans-modules-editor-util_ja.jar"/>
        <file crc="969578841" name="modules/locale/org-netbeans-modules-editor-util_pt_BR.jar"/>
        <file crc="2736895129" name="modules/locale/org-netbeans-modules-editor-util_ru.jar"/>
        <file crc="258972594" name="modules/locale/org-netbeans-modules-editor-util_zh_CN.jar"/>
        <file crc="942649527" name="modules/org-netbeans-modules-editor-util.jar"/>
    </module_version>
</module>
