<?xml version="1.0" encoding="UTF-8"?><module codename="org.netbeans.modules.versioning/1">
    <module_version install_time="1416342978678" last="true" origin="installer" specification_version="1.43.1.1">
        <file crc="1304028038" name="config/Modules/org-netbeans-modules-versioning.xml"/>
        <file crc="204262082" name="modules/locale/org-netbeans-modules-versioning_ja.jar"/>
        <file crc="1877317690" name="modules/locale/org-netbeans-modules-versioning_pt_BR.jar"/>
        <file crc="831133412" name="modules/locale/org-netbeans-modules-versioning_ru.jar"/>
        <file crc="2306770842" name="modules/locale/org-netbeans-modules-versioning_zh_CN.jar"/>
        <file crc="1103639046" name="modules/org-netbeans-modules-versioning.jar"/>
    </module_version>
</module>
