<?xml version="1.0" encoding="UTF-8"?><module codename="org.netbeans.modules.httpserver/2">
    <module_version install_time="1416339870044" last="true" origin="installer" specification_version="2.32.1.42">
        <file crc="2081286140" name="config/Modules/org-netbeans-modules-httpserver.xml"/>
        <file crc="2313888442" name="modules/ext/webserver.jar"/>
        <file crc="3130498191" name="modules/locale/org-netbeans-modules-httpserver_ja.jar"/>
        <file crc="2815531477" name="modules/locale/org-netbeans-modules-httpserver_pt_BR.jar"/>
        <file crc="2446437068" name="modules/locale/org-netbeans-modules-httpserver_ru.jar"/>
        <file crc="4071782451" name="modules/locale/org-netbeans-modules-httpserver_zh_CN.jar"/>
        <file crc="2982031163" name="modules/org-netbeans-modules-httpserver.jar"/>
    </module_version>
</module>
