<?xml version="1.0" encoding="UTF-8"?><module codename="org.netbeans.api.xml/1">
    <module_version install_time="1416338876489" last="true" origin="installer" specification_version="1.39.1">
        <file crc="377157071" name="config/Modules/org-netbeans-api-xml.xml"/>
        <file crc="1612556098" name="modules/locale/org-netbeans-api-xml_ja.jar"/>
        <file crc="3924707848" name="modules/locale/org-netbeans-api-xml_pt_BR.jar"/>
        <file crc="384111103" name="modules/locale/org-netbeans-api-xml_ru.jar"/>
        <file crc="2654462506" name="modules/locale/org-netbeans-api-xml_zh_CN.jar"/>
        <file crc="1557712021" name="modules/org-netbeans-api-xml.jar"/>
    </module_version>
</module>
