<?xml version="1.0" encoding="UTF-8"?><module codename="org.netbeans.modules.tasklist.ui/1">
    <module_version install_time="1416339806485" last="true" origin="installer" specification_version="1.27.1.1.1">
        <file crc="2796626611" name="config/Modules/org-netbeans-modules-tasklist-ui.xml"/>
        <file crc="1212426512" name="modules/locale/org-netbeans-modules-tasklist-ui_ja.jar"/>
        <file crc="1012743459" name="modules/locale/org-netbeans-modules-tasklist-ui_pt_BR.jar"/>
        <file crc="56353076" name="modules/locale/org-netbeans-modules-tasklist-ui_ru.jar"/>
        <file crc="1010395474" name="modules/locale/org-netbeans-modules-tasklist-ui_zh_CN.jar"/>
        <file crc="1151994231" name="modules/org-netbeans-modules-tasklist-ui.jar"/>
    </module_version>
</module>
