<?xml version="1.0" encoding="UTF-8"?><module codename="org.netbeans.modules.html.parser/1">
    <module_version install_time="1416341359582" last="true" origin="installer" specification_version="1.29.1.1">
        <file crc="3195027192" name="config/Modules/org-netbeans-modules-html-parser.xml"/>
        <file crc="509271889" name="docs/html5doc.zip"/>
        <file crc="1599008732" name="modules/ext/html5-parser.jar"/>
        <file crc="1577679946" name="modules/ext/icu4j-4_4_2.jar"/>
        <file crc="1208901397" name="modules/locale/org-netbeans-modules-html-parser_ja.jar"/>
        <file crc="2911233117" name="modules/locale/org-netbeans-modules-html-parser_pt_BR.jar"/>
        <file crc="2228983710" name="modules/locale/org-netbeans-modules-html-parser_ru.jar"/>
        <file crc="248588025" name="modules/locale/org-netbeans-modules-html-parser_zh_CN.jar"/>
        <file crc="984499127" name="modules/org-netbeans-modules-html-parser.jar"/>
    </module_version>
</module>
