<?xml version="1.0" encoding="UTF-8"?><module codename="org.netbeans.modules.web.browser.api">
    <module_version install_time="1416341389510" last="true" origin="installer" specification_version="1.40.1">
        <file crc="2917176736" name="config/Modules/org-netbeans-modules-web-browser-api.xml"/>
        <file crc="343064459" name="modules/locale/org-netbeans-modules-web-browser-api_ja.jar"/>
        <file crc="3648893350" name="modules/locale/org-netbeans-modules-web-browser-api_pt_BR.jar"/>
        <file crc="2104034322" name="modules/locale/org-netbeans-modules-web-browser-api_ru.jar"/>
        <file crc="2140420662" name="modules/locale/org-netbeans-modules-web-browser-api_zh_CN.jar"/>
        <file crc="646685209" name="modules/org-netbeans-modules-web-browser-api.jar"/>
    </module_version>
</module>
