<?xml version="1.0" encoding="UTF-8"?><module codename="org.netbeans.modules.spellchecker">
    <module_version install_time="1416339736758" last="true" origin="installer" specification_version="1.31.1.1.7">
        <file crc="3457150688" name="config/Modules/org-netbeans-modules-spellchecker.xml"/>
        <file crc="212917194" name="modules/locale/org-netbeans-modules-spellchecker_ja.jar"/>
        <file crc="2921310699" name="modules/locale/org-netbeans-modules-spellchecker_pt_BR.jar"/>
        <file crc="3788385261" name="modules/locale/org-netbeans-modules-spellchecker_ru.jar"/>
        <file crc="1135821263" name="modules/locale/org-netbeans-modules-spellchecker_zh_CN.jar"/>
        <file crc="2124498994" name="modules/org-netbeans-modules-spellchecker.jar"/>
    </module_version>
</module>
