<?xml version="1.0" encoding="UTF-8"?><module codename="org.netbeans.modules.csl.api/2">
    <module_version install_time="1416340373065" last="true" origin="installer" specification_version="2.47.1.2.1.1.8">
        <file crc="2308193102" name="config/Modules/org-netbeans-modules-csl-api.xml"/>
        <file crc="1283792695" name="modules/locale/org-netbeans-modules-csl-api_ja.jar"/>
        <file crc="901655472" name="modules/locale/org-netbeans-modules-csl-api_pt_BR.jar"/>
        <file crc="3211613852" name="modules/locale/org-netbeans-modules-csl-api_ru.jar"/>
        <file crc="2596980241" name="modules/locale/org-netbeans-modules-csl-api_zh_CN.jar"/>
        <file crc="946915852" name="modules/org-netbeans-modules-csl-api.jar"/>
    </module_version>
</module>
