<?xml version="1.0" encoding="UTF-8"?><module codename="org.netbeans.libs.json_simple/1">
    <module_version install_time="1416337019157" last="true" origin="installer" specification_version="0.9.1">
        <file crc="1407381065" name="config/Modules/org-netbeans-libs-json_simple.xml"/>
        <file crc="1828924912" name="modules/ext/json-simple-1.1.1.jar"/>
        <file crc="336399037" name="modules/locale/org-netbeans-libs-json_simple_ja.jar"/>
        <file crc="3992133413" name="modules/locale/org-netbeans-libs-json_simple_pt_BR.jar"/>
        <file crc="3283786721" name="modules/locale/org-netbeans-libs-json_simple_ru.jar"/>
        <file crc="317537617" name="modules/locale/org-netbeans-libs-json_simple_zh_CN.jar"/>
        <file crc="3654448776" name="modules/org-netbeans-libs-json_simple.jar"/>
    </module_version>
</module>
