<?xml version="1.0" encoding="UTF-8"?><module codename="org.netbeans.modules.xml.xdm/1">
    <module_version install_time="1416339568432" last="true" origin="installer" specification_version="1.29.1.1">
        <file crc="1060261276" name="config/Modules/org-netbeans-modules-xml-xdm.xml"/>
        <file crc="1040822545" name="modules/locale/org-netbeans-modules-xml-xdm_ja.jar"/>
        <file crc="3479800274" name="modules/locale/org-netbeans-modules-xml-xdm_pt_BR.jar"/>
        <file crc="765123609" name="modules/locale/org-netbeans-modules-xml-xdm_ru.jar"/>
        <file crc="3285571903" name="modules/locale/org-netbeans-modules-xml-xdm_zh_CN.jar"/>
        <file crc="4248230481" name="modules/org-netbeans-modules-xml-xdm.jar"/>
    </module_version>
</module>
