<?xml version="1.0" encoding="UTF-8"?><module codename="org.netbeans.modules.properties.syntax/1">
    <module_version install_time="1416340329486" last="true" origin="installer" specification_version="1.46.1">
        <file crc="3912872678" name="config/Modules/org-netbeans-modules-properties-syntax.xml"/>
        <file crc="2609618101" name="modules/locale/org-netbeans-modules-properties-syntax_ja.jar"/>
        <file crc="4146833629" name="modules/locale/org-netbeans-modules-properties-syntax_pt_BR.jar"/>
        <file crc="533324075" name="modules/locale/org-netbeans-modules-properties-syntax_ru.jar"/>
        <file crc="2788787931" name="modules/locale/org-netbeans-modules-properties-syntax_zh_CN.jar"/>
        <file crc="900553386" name="modules/org-netbeans-modules-properties-syntax.jar"/>
    </module_version>
</module>
