<?xml version="1.0" encoding="UTF-8"?><module codename="org.netbeans.modules.dbapi">
    <module_version install_time="1416340140567" last="true" origin="installer" specification_version="1.30.1.30">
        <file crc="3641521545" name="config/Modules/org-netbeans-modules-dbapi.xml"/>
        <file crc="2761064441" name="modules/locale/org-netbeans-modules-dbapi_ja.jar"/>
        <file crc="2189459631" name="modules/locale/org-netbeans-modules-dbapi_pt_BR.jar"/>
        <file crc="1925540097" name="modules/locale/org-netbeans-modules-dbapi_ru.jar"/>
        <file crc="3210858966" name="modules/locale/org-netbeans-modules-dbapi_zh_CN.jar"/>
        <file crc="2913825475" name="modules/org-netbeans-modules-dbapi.jar"/>
    </module_version>
</module>
