<?xml version="1.0" encoding="UTF-8"?><module codename="org.netbeans.modules.editor.actions/1">
    <module_version install_time="1416339556474" last="true" origin="installer" specification_version="1.26.1.43">
        <file crc="992536293" name="config/Modules/org-netbeans-modules-editor-actions.xml"/>
        <file crc="1329421403" name="modules/locale/org-netbeans-modules-editor-actions_ja.jar"/>
        <file crc="2708861180" name="modules/locale/org-netbeans-modules-editor-actions_pt_BR.jar"/>
        <file crc="3005019708" name="modules/locale/org-netbeans-modules-editor-actions_ru.jar"/>
        <file crc="855892095" name="modules/locale/org-netbeans-modules-editor-actions_zh_CN.jar"/>
        <file crc="1259657923" name="modules/org-netbeans-modules-editor-actions.jar"/>
    </module_version>
</module>
