<?xml version="1.0" encoding="UTF-8"?><module codename="org.netbeans.modules.gsf.testrunner/1">
    <module_version install_time="1416341810641" last="true" origin="installer" specification_version="1.43.1">
        <file crc="1006638708" name="config/Modules/org-netbeans-modules-gsf-testrunner.xml"/>
        <file crc="2422910771" name="modules/locale/org-netbeans-modules-gsf-testrunner_ja.jar"/>
        <file crc="3729833314" name="modules/locale/org-netbeans-modules-gsf-testrunner_pt_BR.jar"/>
        <file crc="2448990003" name="modules/locale/org-netbeans-modules-gsf-testrunner_ru.jar"/>
        <file crc="2584878231" name="modules/locale/org-netbeans-modules-gsf-testrunner_zh_CN.jar"/>
        <file crc="1183744020" name="modules/org-netbeans-modules-gsf-testrunner.jar"/>
    </module_version>
</module>
