<?xml version="1.0" encoding="UTF-8"?><module codename="org.netbeans.modules.editor.lib2/1">
    <module_version install_time="1416338395544" last="true" origin="installer" specification_version="1.85.1.43">
        <file crc="1027150669" name="config/Modules/org-netbeans-modules-editor-lib2.xml"/>
        <file crc="303304342" name="modules/locale/org-netbeans-modules-editor-lib2_ja.jar"/>
        <file crc="2838635033" name="modules/locale/org-netbeans-modules-editor-lib2_pt_BR.jar"/>
        <file crc="536928721" name="modules/locale/org-netbeans-modules-editor-lib2_ru.jar"/>
        <file crc="3572849816" name="modules/locale/org-netbeans-modules-editor-lib2_zh_CN.jar"/>
        <file crc="2766125477" name="modules/org-netbeans-modules-editor-lib2.jar"/>
    </module_version>
</module>
