<?xml version="1.0" encoding="UTF-8"?><module codename="org.netbeans.swing.dirchooser">
    <module_version install_time="1416338851878" last="true" origin="installer" specification_version="1.25.1">
        <file crc="1723700341" name="config/Modules/org-netbeans-swing-dirchooser.xml"/>
        <file crc="253499445" name="modules/locale/org-netbeans-swing-dirchooser_ja.jar"/>
        <file crc="2612098900" name="modules/locale/org-netbeans-swing-dirchooser_pt_BR.jar"/>
        <file crc="3083637705" name="modules/locale/org-netbeans-swing-dirchooser_ru.jar"/>
        <file crc="3033049227" name="modules/locale/org-netbeans-swing-dirchooser_zh_CN.jar"/>
        <file crc="2510216725" name="modules/org-netbeans-swing-dirchooser.jar"/>
    </module_version>
</module>
