<?xml version="1.0" encoding="UTF-8"?><module codename="org.netbeans.modules.ide.kit">
    <module_version install_time="1416341618443" last="true" origin="installer" specification_version="1.29.1">
        <file crc="2760253963" name="VERSION.txt"/>
        <file crc="3987904659" name="config/ModuleAutoDeps/org-netbeans-modules-ide-kit.xml"/>
        <file crc="3415496542" name="config/Modules/org-netbeans-modules-ide-kit.xml"/>
        <file crc="3879996163" name="modules/locale/org-netbeans-modules-ide-kit_ja.jar"/>
        <file crc="4150193994" name="modules/locale/org-netbeans-modules-ide-kit_pt_BR.jar"/>
        <file crc="1205436884" name="modules/locale/org-netbeans-modules-ide-kit_ru.jar"/>
        <file crc="3777654127" name="modules/locale/org-netbeans-modules-ide-kit_zh_CN.jar"/>
        <file crc="619087311" name="modules/org-netbeans-modules-ide-kit.jar"/>
    </module_version>
</module>
