<?xml version="1.0" encoding="UTF-8"?><module codename="org.netbeans.libs.commons_net/2">
    <module_version install_time="1416336963092" last="true" origin="installer" specification_version="2.17.1.33">
        <file crc="1714611622" name="config/Modules/org-netbeans-libs-commons_net.xml"/>
        <file crc="4077451653" name="modules/ext/commons-net-3.3.jar"/>
        <file crc="1886461068" name="modules/locale/org-netbeans-libs-commons_net_ja.jar"/>
        <file crc="1893198671" name="modules/locale/org-netbeans-libs-commons_net_pt_BR.jar"/>
        <file crc="2676185744" name="modules/locale/org-netbeans-libs-commons_net_ru.jar"/>
        <file crc="1683108036" name="modules/locale/org-netbeans-libs-commons_net_zh_CN.jar"/>
        <file crc="1039958086" name="modules/org-netbeans-libs-commons_net.jar"/>
    </module_version>
</module>
