<?xml version="1.0" encoding="UTF-8" standalone="no"?>
<module codename="org.netbeans.modules.web.webkit.debugging">
    <module_version install_time="1416338870386" last="false" origin="installer" specification_version="1.36.1">
        <file crc="1453935863" name="config/Modules/org-netbeans-modules-web-webkit-debugging.xml"/>
        <file crc="1695737856" name="modules/locale/org-netbeans-modules-web-webkit-debugging_ja.jar"/>
        <file crc="1613050429" name="modules/locale/org-netbeans-modules-web-webkit-debugging_pt_BR.jar"/>
        <file crc="1798305356" name="modules/locale/org-netbeans-modules-web-webkit-debugging_ru.jar"/>
        <file crc="3827991691" name="modules/locale/org-netbeans-modules-web-webkit-debugging_zh_CN.jar"/>
        <file crc="3393612969" name="modules/org-netbeans-modules-web-webkit-debugging.jar"/>
    </module_version>
    <module_version install_time="1445629434106" last="true" origin="NetBeans Distribution" specification_version="1.36.2">
        <file crc="1453935863" name="config/Modules/org-netbeans-modules-web-webkit-debugging.xml"/>
        <file crc="2826850418" name="modules/locale/org-netbeans-modules-web-webkit-debugging_ja.jar"/>
        <file crc="280247404" name="modules/locale/org-netbeans-modules-web-webkit-debugging_pt_BR.jar"/>
        <file crc="2252153891" name="modules/locale/org-netbeans-modules-web-webkit-debugging_ru.jar"/>
        <file crc="4280311604" name="modules/locale/org-netbeans-modules-web-webkit-debugging_zh_CN.jar"/>
        <file crc="1373850869" name="modules/org-netbeans-modules-web-webkit-debugging.jar"/>
    </module_version>
</module>
