<?xml version="1.0" encoding="UTF-8"?><module codename="org.netbeans.modules.versioning.masterfs">
    <module_version install_time="1416342967210" last="true" origin="installer" specification_version="1.10.1">
        <file crc="1388890639" name="config/Modules/org-netbeans-modules-versioning-masterfs.xml"/>
        <file crc="757886909" name="modules/locale/org-netbeans-modules-versioning-masterfs_ja.jar"/>
        <file crc="2022170818" name="modules/locale/org-netbeans-modules-versioning-masterfs_pt_BR.jar"/>
        <file crc="1601460235" name="modules/locale/org-netbeans-modules-versioning-masterfs_ru.jar"/>
        <file crc="2563350963" name="modules/locale/org-netbeans-modules-versioning-masterfs_zh_CN.jar"/>
        <file crc="3872550001" name="modules/org-netbeans-modules-versioning-masterfs.jar"/>
    </module_version>
</module>
