<?xml version="1.0" encoding="UTF-8"?><module codename="org.netbeans.modules.languages.manifest">
    <module_version install_time="1416338933413" last="true" origin="installer" specification_version="1.28.1">
        <file crc="82613707" name="config/Modules/org-netbeans-modules-languages-manifest.xml"/>
        <file crc="2989019474" name="modules/locale/org-netbeans-modules-languages-manifest_ja.jar"/>
        <file crc="1067153424" name="modules/locale/org-netbeans-modules-languages-manifest_pt_BR.jar"/>
        <file crc="3799392823" name="modules/locale/org-netbeans-modules-languages-manifest_ru.jar"/>
        <file crc="2989164579" name="modules/locale/org-netbeans-modules-languages-manifest_zh_CN.jar"/>
        <file crc="1402652556" name="modules/org-netbeans-modules-languages-manifest.jar"/>
    </module_version>
</module>
