<?xml version="1.0" encoding="UTF-8"?><module codename="org.netbeans.spi.navigator/1">
    <module_version install_time="1416338977630" last="true" origin="installer" specification_version="1.33.1">
        <file crc="489298949" name="config/Modules/org-netbeans-spi-navigator.xml"/>
        <file crc="940135251" name="modules/locale/org-netbeans-spi-navigator_ja.jar"/>
        <file crc="3065721222" name="modules/locale/org-netbeans-spi-navigator_pt_BR.jar"/>
        <file crc="3391579277" name="modules/locale/org-netbeans-spi-navigator_ru.jar"/>
        <file crc="4024879553" name="modules/locale/org-netbeans-spi-navigator_zh_CN.jar"/>
        <file crc="3685646074" name="modules/org-netbeans-spi-navigator.jar"/>
    </module_version>
</module>
