<?xml version="1.0" encoding="UTF-8"?><module codename="org.netbeans.modules.localhistory">
    <module_version install_time="1416343090989" last="true" origin="installer" specification_version="1.30.1">
        <file crc="3877869730" name="config/Modules/org-netbeans-modules-localhistory.xml"/>
        <file crc="2487123151" name="modules/locale/org-netbeans-modules-localhistory_ja.jar"/>
        <file crc="1134286456" name="modules/locale/org-netbeans-modules-localhistory_pt_BR.jar"/>
        <file crc="3090083698" name="modules/locale/org-netbeans-modules-localhistory_ru.jar"/>
        <file crc="3833746085" name="modules/locale/org-netbeans-modules-localhistory_zh_CN.jar"/>
        <file crc="3556508899" name="modules/org-netbeans-modules-localhistory.jar"/>
    </module_version>
</module>
