<?xml version="1.0" encoding="UTF-8"?><module codename="org.netbeans.libs.freemarker/1">
    <module_version install_time="1416338286641" last="true" origin="installer" specification_version="2.30.1.238">
        <file crc="637450760" name="config/Modules/org-netbeans-libs-freemarker.xml"/>
        <file crc="71960708" name="modules/ext/freemarker-2.3.19.jar"/>
        <file crc="1219516070" name="modules/ext/locale/freemarker-2.3.19_ja.jar"/>
        <file crc="986091197" name="modules/ext/locale/freemarker-2.3.19_pt_BR.jar"/>
        <file crc="311827193" name="modules/ext/locale/freemarker-2.3.19_ru.jar"/>
        <file crc="4213173668" name="modules/ext/locale/freemarker-2.3.19_zh_CN.jar"/>
        <file crc="292944959" name="modules/locale/org-netbeans-libs-freemarker_ja.jar"/>
        <file crc="3287343512" name="modules/locale/org-netbeans-libs-freemarker_pt_BR.jar"/>
        <file crc="4058953464" name="modules/locale/org-netbeans-libs-freemarker_ru.jar"/>
        <file crc="526469360" name="modules/locale/org-netbeans-libs-freemarker_zh_CN.jar"/>
        <file crc="415677597" name="modules/org-netbeans-libs-freemarker.jar"/>
    </module_version>
</module>
