<?xml version="1.0" encoding="UTF-8"?><module codename="org.netbeans.libs.swingx/1">
    <module_version install_time="1416337179074" last="true" origin="installer" specification_version="1.24.1">
        <file crc="1452133379" name="config/Modules/org-netbeans-libs-swingx.xml"/>
        <file crc="1180223006" name="modules/ext/swingx-all-1.6.4.jar"/>
        <file crc="2461319610" name="modules/locale/org-netbeans-libs-swingx_ja.jar"/>
        <file crc="265441483" name="modules/locale/org-netbeans-libs-swingx_pt_BR.jar"/>
        <file crc="449022531" name="modules/locale/org-netbeans-libs-swingx_ru.jar"/>
        <file crc="561844095" name="modules/locale/org-netbeans-libs-swingx_zh_CN.jar"/>
        <file crc="877220463" name="modules/org-netbeans-libs-swingx.jar"/>
    </module_version>
</module>
