<?xml version="1.0" encoding="UTF-8"?><module codename="org.netbeans.modules.jumpto/1">
    <module_version install_time="1416339972515" last="true" origin="installer" specification_version="1.42.1.1">
        <file crc="771737990" name="config/Modules/org-netbeans-modules-jumpto.xml"/>
        <file crc="677199125" name="modules/locale/org-netbeans-modules-jumpto_ja.jar"/>
        <file crc="1028424709" name="modules/locale/org-netbeans-modules-jumpto_pt_BR.jar"/>
        <file crc="3055350167" name="modules/locale/org-netbeans-modules-jumpto_ru.jar"/>
        <file crc="3002711059" name="modules/locale/org-netbeans-modules-jumpto_zh_CN.jar"/>
        <file crc="3943116139" name="modules/org-netbeans-modules-jumpto.jar"/>
    </module_version>
</module>
