<?xml version="1.0" encoding="UTF-8"?><module codename="org.netbeans.modules.gototest/1">
    <module_version install_time="1416341895470" last="true" origin="installer" specification_version="1.28.1">
        <file crc="1907751588" name="config/Modules/org-netbeans-modules-gototest.xml"/>
        <file crc="59670527" name="modules/locale/org-netbeans-modules-gototest_ja.jar"/>
        <file crc="29926413" name="modules/locale/org-netbeans-modules-gototest_pt_BR.jar"/>
        <file crc="2872558697" name="modules/locale/org-netbeans-modules-gototest_ru.jar"/>
        <file crc="324901266" name="modules/locale/org-netbeans-modules-gototest_zh_CN.jar"/>
        <file crc="3028804829" name="modules/org-netbeans-modules-gototest.jar"/>
    </module_version>
</module>
