<?xml version="1.0" encoding="UTF-8" standalone="no"?>
<module codename="org.netbeans.modules.javascript2.editor/1">
    <module_version install_time="1416341421143" last="false" origin="installer" specification_version="0.44.2">
        <file crc="558913452" name="config/Modules/org-netbeans-modules-javascript2-editor.xml"/>
        <file crc="1172407402" name="jsstubs/corestubs.zip"/>
        <file crc="3812845627" name="jsstubs/domstubs.zip"/>
        <file crc="3940877527" name="jsstubs/reststubs.zip"/>
        <file crc="2308886127" name="modules/locale/org-netbeans-modules-javascript2-editor_ja.jar"/>
        <file crc="1681162645" name="modules/locale/org-netbeans-modules-javascript2-editor_pt_BR.jar"/>
        <file crc="1165234575" name="modules/locale/org-netbeans-modules-javascript2-editor_ru.jar"/>
        <file crc="2843792699" name="modules/locale/org-netbeans-modules-javascript2-editor_zh_CN.jar"/>
        <file crc="2877633954" name="modules/org-netbeans-modules-javascript2-editor.jar"/>
    </module_version>
    <module_version install_time="1445629434688" last="true" origin="NetBeans Distribution" specification_version="0.44.6">
        <file crc="558913452" name="config/Modules/org-netbeans-modules-javascript2-editor.xml"/>
        <file crc="3365454763" name="jsstubs/corestubs.zip"/>
        <file crc="1782206450" name="jsstubs/domstubs.zip"/>
        <file crc="1508682429" name="jsstubs/reststubs.zip"/>
        <file crc="3049055235" name="modules/locale/org-netbeans-modules-javascript2-editor_ja.jar"/>
        <file crc="2864766250" name="modules/locale/org-netbeans-modules-javascript2-editor_pt_BR.jar"/>
        <file crc="3686212771" name="modules/locale/org-netbeans-modules-javascript2-editor_ru.jar"/>
        <file crc="3240554171" name="modules/locale/org-netbeans-modules-javascript2-editor_zh_CN.jar"/>
        <file crc="2643744430" name="modules/org-netbeans-modules-javascript2-editor.jar"/>
    </module_version>
</module>
