<?xml version="1.0" encoding="UTF-8"?><module codename="org.netbeans.modules.web.indent">
    <module_version install_time="1416341327713" last="true" origin="installer" specification_version="1.16.1">
        <file crc="3344998336" name="config/Modules/org-netbeans-modules-web-indent.xml"/>
        <file crc="3985866089" name="modules/locale/org-netbeans-modules-web-indent_ja.jar"/>
        <file crc="1454983728" name="modules/locale/org-netbeans-modules-web-indent_pt_BR.jar"/>
        <file crc="3353541341" name="modules/locale/org-netbeans-modules-web-indent_ru.jar"/>
        <file crc="2625851687" name="modules/locale/org-netbeans-modules-web-indent_zh_CN.jar"/>
        <file crc="1353264604" name="modules/org-netbeans-modules-web-indent.jar"/>
    </module_version>
</module>
