<?xml version="1.0" encoding="UTF-8"?><module codename="org.netbeans.modules.xml.tax/2">
    <module_version install_time="1416340442466" last="true" origin="installer" specification_version="1.39.1.281">
        <file crc="3137623504" name="config/Modules/org-netbeans-modules-xml-tax.xml"/>
        <file crc="3968068554" name="modules/ext/locale/org-netbeans-tax_ja.jar"/>
        <file crc="2310580943" name="modules/ext/locale/org-netbeans-tax_pt_BR.jar"/>
        <file crc="1724609051" name="modules/ext/locale/org-netbeans-tax_ru.jar"/>
        <file crc="1127687998" name="modules/ext/locale/org-netbeans-tax_zh_CN.jar"/>
        <file crc="1326678443" name="modules/ext/org-netbeans-tax.jar"/>
        <file crc="4147322895" name="modules/locale/org-netbeans-modules-xml-tax_ja.jar"/>
        <file crc="2067331060" name="modules/locale/org-netbeans-modules-xml-tax_pt_BR.jar"/>
        <file crc="1088650026" name="modules/locale/org-netbeans-modules-xml-tax_ru.jar"/>
        <file crc="3986912255" name="modules/locale/org-netbeans-modules-xml-tax_zh_CN.jar"/>
        <file crc="1935809979" name="modules/org-netbeans-modules-xml-tax.jar"/>
    </module_version>
</module>
