<?xml version="1.0" encoding="UTF-8"?><module codename="org.netbeans.modules.db.drivers">
    <module_version install_time="1416337505647" last="true" origin="installer" specification_version="1.26.1">
        <file crc="153511136" name="config/Modules/org-netbeans-modules-db-drivers.xml"/>
        <file crc="1451416863" name="modules/ext/mysql-connector-java-5.1.23-bin.jar"/>
        <file crc="3176341229" name="modules/ext/postgresql-9.2-1002.jdbc4.jar"/>
        <file crc="2861077541" name="modules/locale/org-netbeans-modules-db-drivers_ja.jar"/>
        <file crc="2045499108" name="modules/locale/org-netbeans-modules-db-drivers_pt_BR.jar"/>
        <file crc="2812034177" name="modules/locale/org-netbeans-modules-db-drivers_ru.jar"/>
        <file crc="854173056" name="modules/locale/org-netbeans-modules-db-drivers_zh_CN.jar"/>
        <file crc="3399741564" name="modules/org-netbeans-modules-db-drivers.jar"/>
    </module_version>
</module>
