<?xml version="1.0" encoding="UTF-8"?><module codename="org.netbeans.modules.utilities.project/1">
    <module_version install_time="1416339158494" last="true" origin="installer" specification_version="1.34.1">
        <file crc="1999945361" name="config/Modules/org-netbeans-modules-utilities-project.xml"/>
        <file crc="3873642625" name="modules/locale/org-netbeans-modules-utilities-project_ja.jar"/>
        <file crc="1393501845" name="modules/locale/org-netbeans-modules-utilities-project_pt_BR.jar"/>
        <file crc="2549827460" name="modules/locale/org-netbeans-modules-utilities-project_ru.jar"/>
        <file crc="341720477" name="modules/locale/org-netbeans-modules-utilities-project_zh_CN.jar"/>
        <file crc="1419249261" name="modules/org-netbeans-modules-utilities-project.jar"/>
    </module_version>
</module>
