<?xml version="1.0" encoding="UTF-8"?><module codename="org.netbeans.modules.css.model">
    <module_version install_time="1416341334419" last="true" origin="installer" specification_version="1.27.1">
        <file crc="2341832687" name="config/Modules/org-netbeans-modules-css-model.xml"/>
        <file crc="677182960" name="modules/locale/org-netbeans-modules-css-model_ja.jar"/>
        <file crc="271511488" name="modules/locale/org-netbeans-modules-css-model_pt_BR.jar"/>
        <file crc="3825920914" name="modules/locale/org-netbeans-modules-css-model_ru.jar"/>
        <file crc="1446899001" name="modules/locale/org-netbeans-modules-css-model_zh_CN.jar"/>
        <file crc="3748144685" name="modules/org-netbeans-modules-css-model.jar"/>
    </module_version>
</module>
