<?xml version="1.0" encoding="UTF-8"?><module codename="org.netbeans.libs.bytelist/1">
    <module_version install_time="1416336943902" last="true" origin="installer" specification_version="0.24.1.1">
        <file crc="3551089273" name="config/Modules/org-netbeans-libs-bytelist.xml"/>
        <file crc="3757890221" name="modules/ext/bytelist-0.1.jar"/>
        <file crc="1099699027" name="modules/locale/org-netbeans-libs-bytelist_ja.jar"/>
        <file crc="3530499331" name="modules/locale/org-netbeans-libs-bytelist_pt_BR.jar"/>
        <file crc="3949181777" name="modules/locale/org-netbeans-libs-bytelist_ru.jar"/>
        <file crc="3548419130" name="modules/locale/org-netbeans-libs-bytelist_zh_CN.jar"/>
        <file crc="2698187018" name="modules/org-netbeans-libs-bytelist.jar"/>
    </module_version>
</module>
