<?xml version="1.0" encoding="UTF-8"?><module codename="org.netbeans.modules.javascript2.knockout">
    <module_version install_time="1416341446695" last="true" origin="installer" specification_version="1.4.1">
        <file crc="948706112" name="config/Modules/org-netbeans-modules-javascript2-knockout.xml"/>
        <file crc="1701609723" name="modules/locale/org-netbeans-modules-javascript2-knockout_ja.jar"/>
        <file crc="4251962868" name="modules/locale/org-netbeans-modules-javascript2-knockout_pt_BR.jar"/>
        <file crc="944593559" name="modules/locale/org-netbeans-modules-javascript2-knockout_ru.jar"/>
        <file crc="248331368" name="modules/locale/org-netbeans-modules-javascript2-knockout_zh_CN.jar"/>
        <file crc="1008224288" name="modules/org-netbeans-modules-javascript2-knockout.jar"/>
    </module_version>
</module>
