<?xml version="1.0" encoding="UTF-8"?><module codename="org.netbeans.modules.db/1">
    <module_version install_time="1416340106647" last="true" origin="installer" specification_version="1.61.1.30">
        <file crc="3858918199" name="config/ModuleAutoDeps/org-netbeans-modules-db.xml"/>
        <file crc="1197382036" name="config/Modules/org-netbeans-modules-db.xml"/>
        <file crc="98794378" name="modules/ext/ddl.jar"/>
        <file crc="87808878" name="modules/ext/locale/ddl_ja.jar"/>
        <file crc="3989367475" name="modules/ext/locale/ddl_pt_BR.jar"/>
        <file crc="3591182728" name="modules/ext/locale/ddl_ru.jar"/>
        <file crc="3158745419" name="modules/ext/locale/ddl_zh_CN.jar"/>
        <file crc="3196793478" name="modules/locale/org-netbeans-modules-db_ja.jar"/>
        <file crc="299876121" name="modules/locale/org-netbeans-modules-db_pt_BR.jar"/>
        <file crc="2335057544" name="modules/locale/org-netbeans-modules-db_ru.jar"/>
        <file crc="2752890886" name="modules/locale/org-netbeans-modules-db_zh_CN.jar"/>
        <file crc="3950223913" name="modules/org-netbeans-modules-db.jar"/>
    </module_version>
</module>
