<?xml version="1.0" encoding="UTF-8"?><module codename="org.netbeans.modules.editor.codetemplates/1">
    <module_version install_time="1416339748567" last="true" origin="installer" specification_version="1.38.1.1">
        <file crc="315605031" name="config/Modules/org-netbeans-modules-editor-codetemplates.xml"/>
        <file crc="2939583888" name="modules/locale/org-netbeans-modules-editor-codetemplates_ja.jar"/>
        <file crc="1722761662" name="modules/locale/org-netbeans-modules-editor-codetemplates_pt_BR.jar"/>
        <file crc="3486423639" name="modules/locale/org-netbeans-modules-editor-codetemplates_ru.jar"/>
        <file crc="3108180829" name="modules/locale/org-netbeans-modules-editor-codetemplates_zh_CN.jar"/>
        <file crc="2196041416" name="modules/org-netbeans-modules-editor-codetemplates.jar"/>
    </module_version>
</module>
