<?xml version="1.0" encoding="UTF-8"?><module codename="org.netbeans.api.java.classpath/1">
    <module_version install_time="1416338240027" last="true" origin="installer" specification_version="1.42.1">
        <file crc="4102554259" name="config/Modules/org-netbeans-api-java-classpath.xml"/>
        <file crc="463032377" name="modules/locale/org-netbeans-api-java-classpath_ja.jar"/>
        <file crc="3739625013" name="modules/locale/org-netbeans-api-java-classpath_pt_BR.jar"/>
        <file crc="1803876980" name="modules/locale/org-netbeans-api-java-classpath_ru.jar"/>
        <file crc="3320334255" name="modules/locale/org-netbeans-api-java-classpath_zh_CN.jar"/>
        <file crc="3054564260" name="modules/org-netbeans-api-java-classpath.jar"/>
    </module_version>
</module>
