<?xml version="1.0" encoding="UTF-8"?><module codename="org.netbeans.modules.xml.tools/2">
    <module_version install_time="1416340453047" last="true" origin="installer" specification_version="1.39.1">
        <file crc="3189568242" name="config/Modules/org-netbeans-modules-xml-tools.xml"/>
        <file crc="1096475556" name="modules/locale/org-netbeans-modules-xml-tools_ja.jar"/>
        <file crc="352706926" name="modules/locale/org-netbeans-modules-xml-tools_pt_BR.jar"/>
        <file crc="1313692095" name="modules/locale/org-netbeans-modules-xml-tools_ru.jar"/>
        <file crc="102560731" name="modules/locale/org-netbeans-modules-xml-tools_zh_CN.jar"/>
        <file crc="2606909161" name="modules/org-netbeans-modules-xml-tools.jar"/>
    </module_version>
</module>
