<?xml version="1.0" encoding="UTF-8"?><module codename="org.netbeans.modules.projectui.buildmenu/1">
    <module_version install_time="1416339307812" last="true" origin="installer" specification_version="1.23.1.1">
        <file crc="1083163641" name="config/Modules/org-netbeans-modules-projectui-buildmenu.xml"/>
        <file crc="2507250169" name="modules/locale/org-netbeans-modules-projectui-buildmenu_ja.jar"/>
        <file crc="1664556780" name="modules/locale/org-netbeans-modules-projectui-buildmenu_pt_BR.jar"/>
        <file crc="790772259" name="modules/locale/org-netbeans-modules-projectui-buildmenu_ru.jar"/>
        <file crc="3856410504" name="modules/locale/org-netbeans-modules-projectui-buildmenu_zh_CN.jar"/>
        <file crc="2957464243" name="modules/org-netbeans-modules-projectui-buildmenu.jar"/>
    </module_version>
</module>
