<?xml version="1.0" encoding="UTF-8"?><module codename="org.netbeans.core.browser/1">
    <module_version install_time="1416338000126" last="true" origin="installer" specification_version="1.24.1.1">
        <file crc="2536127157" name="config/Modules/org-netbeans-core-browser.xml"/>
        <file crc="2739829239" name="modules/locale/org-netbeans-core-browser_ja.jar"/>
        <file crc="2922129820" name="modules/locale/org-netbeans-core-browser_pt_BR.jar"/>
        <file crc="736402231" name="modules/locale/org-netbeans-core-browser_ru.jar"/>
        <file crc="58499385" name="modules/locale/org-netbeans-core-browser_zh_CN.jar"/>
        <file crc="3188522728" name="modules/org-netbeans-core-browser.jar"/>
    </module_version>
</module>
