<?xml version="1.0" encoding="UTF-8"?><module codename="org.netbeans.modules.tasklist.kit">
    <module_version install_time="1416339864208" last="true" origin="installer" specification_version="1.25.1">
        <file crc="4190722416" name="config/Modules/org-netbeans-modules-tasklist-kit.xml"/>
        <file crc="2420696580" name="modules/locale/org-netbeans-modules-tasklist-kit_ja.jar"/>
        <file crc="3877392368" name="modules/locale/org-netbeans-modules-tasklist-kit_pt_BR.jar"/>
        <file crc="2305209827" name="modules/locale/org-netbeans-modules-tasklist-kit_ru.jar"/>
        <file crc="1517324540" name="modules/locale/org-netbeans-modules-tasklist-kit_zh_CN.jar"/>
        <file crc="1235377006" name="modules/org-netbeans-modules-tasklist-kit.jar"/>
    </module_version>
</module>
