<?xml version="1.0" encoding="UTF-8"?><module codename="org.netbeans.modules.xml.schema.model/1">
    <module_version install_time="1416338160828" last="true" origin="installer" specification_version="1.28.1.1">
        <file crc="1408122385" name="config/Modules/org-netbeans-modules-xml-schema-model.xml"/>
        <file crc="770690467" name="modules/locale/org-netbeans-modules-xml-schema-model_ja.jar"/>
        <file crc="1311021493" name="modules/locale/org-netbeans-modules-xml-schema-model_pt_BR.jar"/>
        <file crc="1135362311" name="modules/locale/org-netbeans-modules-xml-schema-model_ru.jar"/>
        <file crc="3567771447" name="modules/locale/org-netbeans-modules-xml-schema-model_zh_CN.jar"/>
        <file crc="1043275919" name="modules/org-netbeans-modules-xml-schema-model.jar"/>
    </module_version>
</module>
