<?xml version="1.0" encoding="UTF-8"?><module codename="org.netbeans.modules.db.mysql">
    <module_version install_time="1416340159608" last="true" origin="installer" specification_version="0.24.1.2">
        <file crc="934439921" name="config/Modules/org-netbeans-modules-db-mysql.xml"/>
        <file crc="1543340833" name="modules/locale/org-netbeans-modules-db-mysql_ja.jar"/>
        <file crc="255215987" name="modules/locale/org-netbeans-modules-db-mysql_pt_BR.jar"/>
        <file crc="990068483" name="modules/locale/org-netbeans-modules-db-mysql_ru.jar"/>
        <file crc="2496577085" name="modules/locale/org-netbeans-modules-db-mysql_zh_CN.jar"/>
        <file crc="2105172635" name="modules/org-netbeans-modules-db-mysql.jar"/>
    </module_version>
</module>
