<?xml version="1.0" encoding="UTF-8"?><module codename="org.netbeans.modules.db.sql.editor">
    <module_version install_time="1416340497875" last="true" origin="installer" specification_version="1.32.1.30">
        <file crc="512497951" name="config/Modules/org-netbeans-modules-db-sql-editor.xml"/>
        <file crc="3587586652" name="modules/locale/org-netbeans-modules-db-sql-editor_ja.jar"/>
        <file crc="195730820" name="modules/locale/org-netbeans-modules-db-sql-editor_pt_BR.jar"/>
        <file crc="2501931117" name="modules/locale/org-netbeans-modules-db-sql-editor_ru.jar"/>
        <file crc="1694905370" name="modules/locale/org-netbeans-modules-db-sql-editor_zh_CN.jar"/>
        <file crc="1797723107" name="modules/org-netbeans-modules-db-sql-editor.jar"/>
    </module_version>
</module>
