<?xml version="1.0" encoding="UTF-8"?><module codename="org.netbeans.core.multitabs.project">
    <module_version install_time="1416339966116" last="true" origin="installer" specification_version="1.6.1.1.1">
        <file crc="3119371406" name="config/Modules/org-netbeans-core-multitabs-project.xml"/>
        <file crc="822383290" name="modules/locale/org-netbeans-core-multitabs-project_ja.jar"/>
        <file crc="1874685513" name="modules/locale/org-netbeans-core-multitabs-project_pt_BR.jar"/>
        <file crc="2644850509" name="modules/locale/org-netbeans-core-multitabs-project_ru.jar"/>
        <file crc="754965819" name="modules/locale/org-netbeans-core-multitabs-project_zh_CN.jar"/>
        <file crc="1580037937" name="modules/org-netbeans-core-multitabs-project.jar"/>
    </module_version>
</module>
