<?xml version="1.0" encoding="UTF-8"?><module codename="org.netbeans.modules.languages/0">
    <module_version install_time="1416339711756" last="true" origin="installer" specification_version="1.117.1.2">
        <file crc="4097652955" name="config/Modules/org-netbeans-modules-languages.xml"/>
        <file crc="2656630836" name="modules/locale/org-netbeans-modules-languages_ja.jar"/>
        <file crc="4255653635" name="modules/locale/org-netbeans-modules-languages_pt_BR.jar"/>
        <file crc="2070788470" name="modules/locale/org-netbeans-modules-languages_ru.jar"/>
        <file crc="2796048212" name="modules/locale/org-netbeans-modules-languages_zh_CN.jar"/>
        <file crc="2475906618" name="modules/org-netbeans-modules-languages.jar"/>
    </module_version>
</module>
