<?xml version="1.0" encoding="UTF-8"?><module codename="org.netbeans.modules.editor.plain.lib/1">
    <module_version install_time="1416339580127" last="true" origin="installer" specification_version="1.30.1">
        <file crc="387640368" name="config/Modules/org-netbeans-modules-editor-plain-lib.xml"/>
        <file crc="214724625" name="modules/locale/org-netbeans-modules-editor-plain-lib_ja.jar"/>
        <file crc="1735449780" name="modules/locale/org-netbeans-modules-editor-plain-lib_pt_BR.jar"/>
        <file crc="2435506075" name="modules/locale/org-netbeans-modules-editor-plain-lib_ru.jar"/>
        <file crc="3873291566" name="modules/locale/org-netbeans-modules-editor-plain-lib_zh_CN.jar"/>
        <file crc="439313317" name="modules/org-netbeans-modules-editor-plain-lib.jar"/>
    </module_version>
</module>
