<?xml version="1.0" encoding="UTF-8"?><module codename="org.netbeans.modules.extbrowser/1">
    <module_version install_time="1416339454473" last="true" origin="installer" specification_version="1.48.1">
        <file crc="1411316007" name="config/Modules/org-netbeans-modules-extbrowser.xml"/>
        <file crc="2085159667" name="modules/lib/extbrowser.dll"/>
        <file crc="4025206001" name="modules/lib/extbrowser64.dll"/>
        <file crc="3997158191" name="modules/locale/org-netbeans-modules-extbrowser_ja.jar"/>
        <file crc="3844762983" name="modules/locale/org-netbeans-modules-extbrowser_pt_BR.jar"/>
        <file crc="3588354404" name="modules/locale/org-netbeans-modules-extbrowser_ru.jar"/>
        <file crc="2452123790" name="modules/locale/org-netbeans-modules-extbrowser_zh_CN.jar"/>
        <file crc="4061213187" name="modules/org-netbeans-modules-extbrowser.jar"/>
    </module_version>
</module>
