<?xml version="1.0" encoding="UTF-8" standalone="no"?>
<module codename="org.netbeans.modules.projectui">
    <module_version install_time="1416339294413" last="false" origin="installer" specification_version="1.53.1.8">
        <file crc="160952363" name="config/Modules/org-netbeans-modules-projectui.xml"/>
        <file crc="2610881913" name="modules/locale/org-netbeans-modules-projectui_ja.jar"/>
        <file crc="363959362" name="modules/locale/org-netbeans-modules-projectui_pt_BR.jar"/>
        <file crc="1830188463" name="modules/locale/org-netbeans-modules-projectui_ru.jar"/>
        <file crc="120617282" name="modules/locale/org-netbeans-modules-projectui_zh_CN.jar"/>
        <file crc="3304394390" name="modules/org-netbeans-modules-projectui.jar"/>
    </module_version>
    <module_version install_time="1445629434611" last="true" origin="NetBeans Distribution" specification_version="1.53.2.8">
        <file crc="160952363" name="config/Modules/org-netbeans-modules-projectui.xml"/>
        <file crc="3982080563" name="modules/locale/org-netbeans-modules-projectui_ja.jar"/>
        <file crc="2222684033" name="modules/locale/org-netbeans-modules-projectui_pt_BR.jar"/>
        <file crc="2280280440" name="modules/locale/org-netbeans-modules-projectui_ru.jar"/>
        <file crc="3030829790" name="modules/locale/org-netbeans-modules-projectui_zh_CN.jar"/>
        <file crc="2443317536" name="modules/org-netbeans-modules-projectui.jar"/>
    </module_version>
</module>
