<?xml version="1.0" encoding="UTF-8"?><module codename="org.netbeans.libs.nashorn/1">
    <module_version install_time="1416337048661" last="true" origin="installer" specification_version="1.16.1">
        <file crc="250435371" name="config/Modules/org-netbeans-libs-nashorn.xml"/>
        <file crc="2239879820" name="modules/ext/asm-all-4.0.jar"/>
        <file crc="943156514" name="modules/ext/nashorn-02f810c26ff9-patched.jar"/>
        <file crc="438701152" name="modules/locale/org-netbeans-libs-nashorn_ja.jar"/>
        <file crc="4269994115" name="modules/locale/org-netbeans-libs-nashorn_pt_BR.jar"/>
        <file crc="307925587" name="modules/locale/org-netbeans-libs-nashorn_ru.jar"/>
        <file crc="204126627" name="modules/locale/org-netbeans-libs-nashorn_zh_CN.jar"/>
        <file crc="3875086494" name="modules/org-netbeans-libs-nashorn.jar"/>
    </module_version>
</module>
