<?xml version="1.0" encoding="UTF-8"?><module codename="org.netbeans.modules.bugtracking">
    <module_version install_time="1416339231380" last="true" origin="installer" specification_version="1.102.2">
        <file crc="3527920300" name="config/Modules/org-netbeans-modules-bugtracking.xml"/>
        <file crc="538751201" name="modules/locale/org-netbeans-modules-bugtracking_ja.jar"/>
        <file crc="4240804010" name="modules/locale/org-netbeans-modules-bugtracking_pt_BR.jar"/>
        <file crc="2290224830" name="modules/locale/org-netbeans-modules-bugtracking_ru.jar"/>
        <file crc="2351765850" name="modules/locale/org-netbeans-modules-bugtracking_zh_CN.jar"/>
        <file crc="23874321" name="modules/org-netbeans-modules-bugtracking.jar"/>
    </module_version>
</module>
