<?xml version="1.0" encoding="UTF-8"?><module codename="org.netbeans.modules.versioning.util">
    <module_version install_time="1416342986373" last="true" origin="installer" specification_version="1.60.1.42.1">
        <file crc="3825279354" name="config/Modules/org-netbeans-modules-versioning-util.xml"/>
        <file crc="1805052372" name="modules/locale/org-netbeans-modules-versioning-util_ja.jar"/>
        <file crc="117798159" name="modules/locale/org-netbeans-modules-versioning-util_pt_BR.jar"/>
        <file crc="822613688" name="modules/locale/org-netbeans-modules-versioning-util_ru.jar"/>
        <file crc="1303556671" name="modules/locale/org-netbeans-modules-versioning-util_zh_CN.jar"/>
        <file crc="2757841678" name="modules/org-netbeans-modules-versioning-util.jar"/>
    </module_version>
</module>
