<?xml version="1.0" encoding="UTF-8"?><module codename="org.netbeans.modules.options.editor/1">
    <module_version install_time="1416339985710" last="true" origin="installer" specification_version="1.51.1">
        <file crc="3367560768" name="config/ModuleAutoDeps/org-netbeans-modules-options-editor.xml"/>
        <file crc="3699321809" name="config/Modules/org-netbeans-modules-options-editor.xml"/>
        <file crc="3872733877" name="modules/locale/org-netbeans-modules-options-editor_ja.jar"/>
        <file crc="2452806965" name="modules/locale/org-netbeans-modules-options-editor_pt_BR.jar"/>
        <file crc="1612502342" name="modules/locale/org-netbeans-modules-options-editor_ru.jar"/>
        <file crc="72798366" name="modules/locale/org-netbeans-modules-options-editor_zh_CN.jar"/>
        <file crc="927548192" name="modules/org-netbeans-modules-options-editor.jar"/>
    </module_version>
</module>
