<?xml version="1.0" encoding="UTF-8"?><module codename="org.netbeans.modules.hudson.git">
    <module_version install_time="1416341878286" last="true" origin="installer" specification_version="1.14.1">
        <file crc="1732329679" name="config/Modules/org-netbeans-modules-hudson-git.xml"/>
        <file crc="4274293442" name="modules/locale/org-netbeans-modules-hudson-git_ja.jar"/>
        <file crc="714456896" name="modules/locale/org-netbeans-modules-hudson-git_pt_BR.jar"/>
        <file crc="869109061" name="modules/locale/org-netbeans-modules-hudson-git_ru.jar"/>
        <file crc="556159689" name="modules/locale/org-netbeans-modules-hudson-git_zh_CN.jar"/>
        <file crc="1650167632" name="modules/org-netbeans-modules-hudson-git.jar"/>
    </module_version>
</module>
