<?xml version="1.0" encoding="UTF-8" standalone="no"?>
<module codename="org.netbeans.modules.html.editor/2">
    <module_version install_time="1416341405478" last="false" origin="installer" specification_version="2.49.1">
        <file crc="2913530181" name="config/Modules/org-netbeans-modules-html-editor.xml"/>
        <file crc="3385998137" name="docs/html-4.01.zip"/>
        <file crc="3611643958" name="modules/locale/org-netbeans-modules-html-editor_ja.jar"/>
        <file crc="2543168519" name="modules/locale/org-netbeans-modules-html-editor_pt_BR.jar"/>
        <file crc="2631171579" name="modules/locale/org-netbeans-modules-html-editor_ru.jar"/>
        <file crc="2261728756" name="modules/locale/org-netbeans-modules-html-editor_zh_CN.jar"/>
        <file crc="3107601243" name="modules/org-netbeans-modules-html-editor.jar"/>
    </module_version>
    <module_version install_time="1445629434531" last="true" origin="NetBeans Distribution" specification_version="2.49.2">
        <file crc="2913530181" name="config/Modules/org-netbeans-modules-html-editor.xml"/>
        <file crc="3385998137" name="docs/html-4.01.zip"/>
        <file crc="2369240303" name="modules/locale/org-netbeans-modules-html-editor_ja.jar"/>
        <file crc="1501399404" name="modules/locale/org-netbeans-modules-html-editor_pt_BR.jar"/>
        <file crc="3131027645" name="modules/locale/org-netbeans-modules-html-editor_ru.jar"/>
        <file crc="3732185316" name="modules/locale/org-netbeans-modules-html-editor_zh_CN.jar"/>
        <file crc="3688960041" name="modules/org-netbeans-modules-html-editor.jar"/>
    </module_version>
</module>
