<?xml version="1.0" encoding="UTF-8"?><module codename="org.netbeans.modules.subversion">
    <module_version install_time="1416343058881" last="true" origin="installer" specification_version="1.37.1.42.1">
        <file crc="1100323445" name="config/Modules/org-netbeans-modules-subversion.xml"/>
        <file crc="2643384746" name="modules/locale/org-netbeans-modules-subversion_ja.jar"/>
        <file crc="582244615" name="modules/locale/org-netbeans-modules-subversion_pt_BR.jar"/>
        <file crc="739493505" name="modules/locale/org-netbeans-modules-subversion_ru.jar"/>
        <file crc="4212449061" name="modules/locale/org-netbeans-modules-subversion_zh_CN.jar"/>
        <file crc="1508327575" name="modules/org-netbeans-modules-subversion.jar"/>
    </module_version>
</module>
