<?xml version="1.0" encoding="UTF-8"?><module codename="org.netbeans.api.debugger/1">
    <module_version install_time="1416338863674" last="true" origin="installer" specification_version="1.46.2">
        <file crc="3559887295" name="config/Modules/org-netbeans-api-debugger.xml"/>
        <file crc="2892196297" name="modules/locale/org-netbeans-api-debugger_ja.jar"/>
        <file crc="2019188748" name="modules/locale/org-netbeans-api-debugger_pt_BR.jar"/>
        <file crc="3410532900" name="modules/locale/org-netbeans-api-debugger_ru.jar"/>
        <file crc="2624065813" name="modules/locale/org-netbeans-api-debugger_zh_CN.jar"/>
        <file crc="4096484570" name="modules/org-netbeans-api-debugger.jar"/>
    </module_version>
</module>
