<?xml version="1.0" encoding="UTF-8"?><module codename="org.netbeans.modules.project.indexingbridge">
    <module_version install_time="1416338456736" last="true" origin="installer" specification_version="1.13.1">
        <file crc="3141148986" name="config/Modules/org-netbeans-modules-project-indexingbridge.xml"/>
        <file crc="1437986408" name="modules/locale/org-netbeans-modules-project-indexingbridge_ja.jar"/>
        <file crc="2887470506" name="modules/locale/org-netbeans-modules-project-indexingbridge_pt_BR.jar"/>
        <file crc="71199282" name="modules/locale/org-netbeans-modules-project-indexingbridge_ru.jar"/>
        <file crc="741810543" name="modules/locale/org-netbeans-modules-project-indexingbridge_zh_CN.jar"/>
        <file crc="524906115" name="modules/org-netbeans-modules-project-indexingbridge.jar"/>
    </module_version>
</module>
