<?xml version="1.0" encoding="UTF-8"?><module codename="org.netbeans.modules.bugtracking.bridge">
    <module_version install_time="1416342993924" last="true" origin="installer" specification_version="1.41.1">
        <file crc="337954893" name="config/Modules/org-netbeans-modules-bugtracking-bridge.xml"/>
        <file crc="1636885030" name="modules/locale/org-netbeans-modules-bugtracking-bridge_ja.jar"/>
        <file crc="1978098490" name="modules/locale/org-netbeans-modules-bugtracking-bridge_pt_BR.jar"/>
        <file crc="3143066787" name="modules/locale/org-netbeans-modules-bugtracking-bridge_ru.jar"/>
        <file crc="3200182159" name="modules/locale/org-netbeans-modules-bugtracking-bridge_zh_CN.jar"/>
        <file crc="1310613396" name="modules/org-netbeans-modules-bugtracking-bridge.jar"/>
    </module_version>
</module>
