<?xml version="1.0" encoding="UTF-8"?><module codename="org.netbeans.modules.html.editor.lib/3">
    <module_version install_time="1416341312696" last="true" origin="installer" specification_version="3.27.1">
        <file crc="1608566786" name="config/Modules/org-netbeans-modules-html-editor-lib.xml"/>
        <file crc="104295844" name="modules/locale/org-netbeans-modules-html-editor-lib_ja.jar"/>
        <file crc="1305999080" name="modules/locale/org-netbeans-modules-html-editor-lib_pt_BR.jar"/>
        <file crc="1599575088" name="modules/locale/org-netbeans-modules-html-editor-lib_ru.jar"/>
        <file crc="1936349100" name="modules/locale/org-netbeans-modules-html-editor-lib_zh_CN.jar"/>
        <file crc="1156781248" name="modules/org-netbeans-modules-html-editor-lib.jar"/>
    </module_version>
</module>
