<?xml version="1.0" encoding="UTF-8"?><module codename="org.netbeans.modules.editor.kit">
    <module_version install_time="1416341612958" last="true" origin="installer" specification_version="1.29.1">
        <file crc="1726315458" name="config/Modules/org-netbeans-modules-editor-kit.xml"/>
        <file crc="1199701216" name="modules/locale/org-netbeans-modules-editor-kit_ja.jar"/>
        <file crc="1886898348" name="modules/locale/org-netbeans-modules-editor-kit_pt_BR.jar"/>
        <file crc="2803811797" name="modules/locale/org-netbeans-modules-editor-kit_ru.jar"/>
        <file crc="3072484205" name="modules/locale/org-netbeans-modules-editor-kit_zh_CN.jar"/>
        <file crc="1381655091" name="modules/org-netbeans-modules-editor-kit.jar"/>
    </module_version>
</module>
