<?xml version="1.0" encoding="UTF-8"?><module codename="org.netbeans.modules.editor.breadcrumbs/0">
    <module_version install_time="1416339818386" last="true" origin="installer" specification_version="1.12.1">
        <file crc="1320881006" name="config/Modules/org-netbeans-modules-editor-breadcrumbs.xml"/>
        <file crc="3712267027" name="modules/locale/org-netbeans-modules-editor-breadcrumbs_ja.jar"/>
        <file crc="1173873649" name="modules/locale/org-netbeans-modules-editor-breadcrumbs_pt_BR.jar"/>
        <file crc="3485632716" name="modules/locale/org-netbeans-modules-editor-breadcrumbs_ru.jar"/>
        <file crc="43743534" name="modules/locale/org-netbeans-modules-editor-breadcrumbs_zh_CN.jar"/>
        <file crc="3052980551" name="modules/org-netbeans-modules-editor-breadcrumbs.jar"/>
    </module_version>
</module>
