<?xml version="1.0" encoding="UTF-8"?><module codename="org.netbeans.modules.javascript2.kit/1">
    <module_version install_time="1416341471904" last="true" origin="installer" specification_version="0.9.1">
        <file crc="552371641" name="config/Modules/org-netbeans-modules-javascript2-kit.xml"/>
        <file crc="1137913175" name="modules/locale/org-netbeans-modules-javascript2-kit_ja.jar"/>
        <file crc="1049198370" name="modules/locale/org-netbeans-modules-javascript2-kit_pt_BR.jar"/>
        <file crc="69821778" name="modules/locale/org-netbeans-modules-javascript2-kit_ru.jar"/>
        <file crc="4072653492" name="modules/locale/org-netbeans-modules-javascript2-kit_zh_CN.jar"/>
        <file crc="1497487380" name="modules/org-netbeans-modules-javascript2-kit.jar"/>
    </module_version>
</module>
