<?xml version="1.0" encoding="UTF-8"?><module codename="org.netbeans.modules.xml.jaxb.api/1">
    <module_version install_time="1416337823529" last="true" origin="installer" specification_version="1.23.1">
        <file crc="3368585658" name="config/Modules/org-netbeans-modules-xml-jaxb-api.xml"/>
        <file crc="460508513" name="modules/ext/jaxb/activation.jar"/>
        <file crc="3662386647" name="modules/ext/jaxb/api/jaxb-api.jar"/>
        <file crc="2840123061" name="modules/ext/jaxb/api/jsr173_1.0_api.jar"/>
        <file crc="1889974759" name="modules/locale/org-netbeans-modules-xml-jaxb-api_ja.jar"/>
        <file crc="4148690422" name="modules/locale/org-netbeans-modules-xml-jaxb-api_pt_BR.jar"/>
        <file crc="2539289384" name="modules/locale/org-netbeans-modules-xml-jaxb-api_ru.jar"/>
        <file crc="3003536978" name="modules/locale/org-netbeans-modules-xml-jaxb-api_zh_CN.jar"/>
        <file crc="4181646" name="modules/org-netbeans-modules-xml-jaxb-api.jar"/>
    </module_version>
</module>
