<?xml version="1.0" encoding="UTF-8"?><module codename="org.netbeans.libs.jaxb/1">
    <module_version install_time="1416337831606" last="true" origin="installer" specification_version="1.28.1">
        <file crc="1169736733" name="config/Modules/org-netbeans-libs-jaxb.xml"/>
        <file crc="4081386813" name="docs/jaxb-api-doc.zip"/>
        <file crc="1118028495" name="modules/ext/jaxb/jaxb-impl.jar"/>
        <file crc="623817423" name="modules/ext/jaxb/jaxb-xjc.jar"/>
        <file crc="1497613360" name="modules/ext/jaxb/jaxb1-impl.jar"/>
        <file crc="4241336263" name="modules/locale/org-netbeans-libs-jaxb_ja.jar"/>
        <file crc="1653586414" name="modules/locale/org-netbeans-libs-jaxb_pt_BR.jar"/>
        <file crc="3115425653" name="modules/locale/org-netbeans-libs-jaxb_ru.jar"/>
        <file crc="693557912" name="modules/locale/org-netbeans-libs-jaxb_zh_CN.jar"/>
        <file crc="3087880157" name="modules/org-netbeans-libs-jaxb.jar"/>
    </module_version>
</module>
