<?xml version="1.0" encoding="UTF-8"?><module codename="org.netbeans.modules.languages.diff">
    <module_version install_time="1416340169145" last="true" origin="installer" specification_version="1.29.1">
        <file crc="3703025839" name="config/Modules/org-netbeans-modules-languages-diff.xml"/>
        <file crc="672928871" name="modules/locale/org-netbeans-modules-languages-diff_ja.jar"/>
        <file crc="707335179" name="modules/locale/org-netbeans-modules-languages-diff_pt_BR.jar"/>
        <file crc="3618660278" name="modules/locale/org-netbeans-modules-languages-diff_ru.jar"/>
        <file crc="3738674149" name="modules/locale/org-netbeans-modules-languages-diff_zh_CN.jar"/>
        <file crc="1597281840" name="modules/org-netbeans-modules-languages-diff.jar"/>
    </module_version>
</module>
