<?xml version="1.0" encoding="UTF-8"?><module codename="org.netbeans.modules.diff/1">
    <module_version install_time="1416340349716" last="true" origin="installer" specification_version="1.47.1.42.1">
        <file crc="4024982772" name="config/Modules/org-netbeans-modules-diff.xml"/>
        <file crc="1380144175" name="modules/locale/org-netbeans-modules-diff_ja.jar"/>
        <file crc="2900376140" name="modules/locale/org-netbeans-modules-diff_pt_BR.jar"/>
        <file crc="252273415" name="modules/locale/org-netbeans-modules-diff_ru.jar"/>
        <file crc="3257006215" name="modules/locale/org-netbeans-modules-diff_zh_CN.jar"/>
        <file crc="1437843070" name="modules/org-netbeans-modules-diff.jar"/>
    </module_version>
</module>
