<?xml version="1.0" encoding="UTF-8"?><module codename="org.netbeans.modules.hudson.subversion">
    <module_version install_time="1416341872679" last="true" origin="installer" specification_version="1.25.1">
        <file crc="2440603391" name="config/Modules/org-netbeans-modules-hudson-subversion.xml"/>
        <file crc="1899038381" name="modules/locale/org-netbeans-modules-hudson-subversion_ja.jar"/>
        <file crc="1475230048" name="modules/locale/org-netbeans-modules-hudson-subversion_pt_BR.jar"/>
        <file crc="1864170067" name="modules/locale/org-netbeans-modules-hudson-subversion_ru.jar"/>
        <file crc="3726581238" name="modules/locale/org-netbeans-modules-hudson-subversion_zh_CN.jar"/>
        <file crc="4095919022" name="modules/org-netbeans-modules-hudson-subversion.jar"/>
    </module_version>
</module>
