<?xml version="1.0" encoding="UTF-8"?><module codename="org.netbeans.modules.gsf.codecoverage">
    <module_version install_time="1416340412184" last="true" origin="installer" specification_version="1.28.1">
        <file crc="1568665605" name="config/Modules/org-netbeans-modules-gsf-codecoverage.xml"/>
        <file crc="1758743791" name="modules/locale/org-netbeans-modules-gsf-codecoverage_ja.jar"/>
        <file crc="3047339881" name="modules/locale/org-netbeans-modules-gsf-codecoverage_pt_BR.jar"/>
        <file crc="4093626196" name="modules/locale/org-netbeans-modules-gsf-codecoverage_ru.jar"/>
        <file crc="2767715125" name="modules/locale/org-netbeans-modules-gsf-codecoverage_zh_CN.jar"/>
        <file crc="893346444" name="modules/org-netbeans-modules-gsf-codecoverage.jar"/>
    </module_version>
</module>
